Símbolo,Seguridad,Presentación ante la SEC,Sector GICS,Sub-industria GICS,Ubicación de la sede,Fecha de incorporación,Clave de índice central,Fundada
MMM,3M,reports,Industriales,Conglomerados Industriales,"Saint Paul, Minnesota",1976-08-09,66740,1902
AOS,A. O. Smith,reports,Industriales,Productos de Edificio,"Milwaukee, Wisconsin",2017-07-26,91142,1916
ABT,Abbott,reports,Cuidado de Salud,Health Care Equipment,"North Chicago, Illinois",1964-03-31,1800,1888
A123,AbbVie,reports,Cuidado de Salud,Farmacéuticos,"North Chicago, Illinois",2012-12-31,1551152,2013 (1888)
ACN,Accenture,reports,Tecnología Informática,Consultoría Informática y Otros Servicios,"Dublin, Ireland",2011-07-06,1467373,1989
ATVI,Activision Blizzard,reports,Servicios de Comunicación,Entretenimiento Doméstico Interactivo,"Santa Monica, California",2015-08-31,718877,2008
ADM,ADM,reports,Productos básicos,Productos Agrícolas,"Chicago, Illinois",1981-07-29,7084,1902
ADBE,Adobe Inc.,reports,Tecnología Informática,Software de Aplicación,"San Jose, California",1997-05-05,796343,1982
ADP,ADP,reports,Tecnología Informática,Procesamiento de Datos y Servicios Externalizados,"Roseland, New Jersey",1981-03-31,8670,1949
AAP,Advance Auto Parts,reports,Consumo Discrecional,Automotive Retail,"Raleigh, North Carolina",2015-07-09,1158449,1932
AES,AES Corporation,reports,Utilidades,Independent Power Producers & Energy Traders,"Arlington, Virginia",1998-10-02,874761,1981
AFL,Aflac,reports,Finanzas,Life & Health Insurance,"Columbus, Georgia",1999-05-28,4977,1955
A,Agilent Technologies,reports,Cuidado de Salud,Health Care Equipment,"Santa Clara, California",2000-06-05,1090872,1999
APD,Air Products and Chemicals,reports,Materiales,Gases Industriales,"Allentown, Pensilvania",1985-04-30,2969,1940
AKAM,Akamai,reports,Tecnología Informática,Servicios y Infraestructura de Internet,"Cambridge, Massachusetts",2007-07-12,1086222,1998
ALK,Alaska Air Group,reports,Industriales,Aerolíneas,"SeaTac, Washington",2016-05-13,766421,1985
ALB,Albemarle Corporation,reports,Materiales,Químicos Especiales,"Charlotte, North Carolina",2016-07-01,915913,1994
ARE,Alexandria Real Estate Equities,reports,Bienes Raíces,Office REITs,"Pasadena, California",2017-03-20,1035443,1994
ALGN,Align Technology,reports,Cuidado de Salud,Health Care Supplies,"Tempe, Arizona",2017-06-19,1097149,1997
ALLE,Allegion,reports,Industriales,Productos de Edificio,"New York City, New York",2013-12-02,1579241,1908
LNT,Alliant Energy,reports,Utilidades,Electric Utilities,"Madison, Wisconsin",2016-07-01,352541,1917
ALL,Allstate,reports,Finanzas,Property & Casualty Insurance,"Northfield Township, Illinois",1995-07-13,899051,1931
GOOGL,Alphabet Inc. (Class A),reports,Servicios de Comunicación,Medios y Servicios Interactivos,"Mountain View, California",2014-04-03,1652044,1998
GOOG,Alphabet Inc. (Class C),reports,Servicios de Comunicación,Medios y Servicios Interactivos,"Mountain View, California",2006-04-03,1652044,1998
MO,Altria,reports,Productos básicos,Tabaco,"Richmond, Virginia",1957-03-04,764180,1985
AMZN,Amazon,reports,Consumo Discrecional,Internet & Direct Marketing Retail,"Seattle, Washington",2005-11-18,1018724,1994
AMCR,Amcor,reports,Materiales,Empaquetado de Papel,"Warmley, Bristol, United Kingdom",2019-06-07,1748790,2019 (1860)
AMD,AMD,reports,Tecnología Informática,Semiconductores,"Santa Clara, California",2017-03-20,2488,1969
AEE,Ameren,reports,Utilidades,Multi-Utilities,"St. Louis, Missouri",1991-09-19,1002910,1902
AAL,American Airlines Group,reports,Industriales,Aerolíneas,"Fort Worth, Texas",2015-03-23,6201,1934
AEP,American Electric Power,reports,Utilidades,Electric Utilities,"Columbus, Ohio",1957-03-04,4904,1906
AXP,American Express,reports,Finanzas,Consumer Finance,"New York City, New York",1976-06-30,4962,1850
AIG,American International Group,reports,Finanzas,Property & Casualty Insurance,"New York City, New York",1980-03-31,5272,1919
AMT,American Tower,reports,Bienes Raíces,Specialized REITs,"Boston, Massachusetts",2007-11-19,1053507,1995
AWK,American Water Works,reports,Utilidades,Water Utilities,"Camden, New Jersey",2016-03-04,1410636,1886
AMP,Ameriprise Financial,reports,Finanzas,Asset Management & Custody Banks,"Minneapolis, Minnesota",2005-10-03,820027,1894
ABC,AmerisourceBergen,reports,Cuidado de Salud,Health Care Distributors,"Conshohocken, Pennsylvania",2001-08-30,1140859,1985
AME,Ametek,reports,Industriales,Componentes y Equipo Eléctrico,"Berwyn, Pennsylvania",2013-09-23,1037868,1930
AMGN,Amgen,reports,Cuidado de Salud,Biotecnología,"Thousand Oaks, California",1992-01-02,318154,1980
APH,Amphenol,reports,Tecnología Informática,Componentes Electrónicos,"Wallingford, Connecticut",2008-09-30,820313,1932
ADI,Analog Devices,reports,Tecnología Informática,Semiconductores,"Wilmington, Massachusetts",1999-10-12,6281,1965
ANSS,Ansys,reports,Tecnología Informática,Software de Aplicación,"Canonsburg, Pennsylvania",2017-06-19,1013462,1969
AON,Aon,reports,Finanzas,Insurance Brokers,"London, UK",1996-04-23,315293,1982 (1919)
APA,APA Corporation,reports,Energía,Oil & Gas Exploration & Production,"Houston, Texas",1997-07-28,1841666,1954
AAPL,Apple Inc.,reports,Tecnología Informática,"Tecnología Hardware, Almacenamiento & Periféricos","Cupertino, California",1982-11-30,320193,1977
AMAT,Applied Materials,reports,Tecnología Informática,Equipo de Semiconductores,"Santa Clara, California",1995-03-16,6951,1967
APTV,Aptiv,reports,Consumo Discrecional,Auto Parts & Equipment,"Dublin, Ireland",2012-12-24,1521332,1994
ACGL,Arch Capital Group,reports,Finanzas,Reinsurance,"Hamilton, Bermuda",2022-11-01,947484,1995
ANET,Arista Networks,reports,Tecnología Informática,Equipo de Comunicación,"Santa Clara, California",2018-08-28,1596532,2004
AJG,Arthur J. Gallagher & Co.,reports,Finanzas,Insurance Brokers,"Rolling Meadows, Illinois",2016-05-31,354190,1927
AIZ,Assurant,reports,Finanzas,Multi-line Insurance,"New York City, New York",2007-04-10,1267238,1892
T,AT&T,reports,Servicios de Comunicación,Servicios de Telecomunicación Integrado,"Dallas, Texas",1983-11-30 (1957-03-04),732717,1983 (1885)
ATO,Atmos Energy,reports,Utilidades,Gas Utilities,"Dallas, Texas",2019-02-15,731802,1906
ADSK,Autodesk,reports,Tecnología Informática,Software de Aplicación,"San Francisco, California",1989-12-01,769397,1982
AZO,AutoZone,reports,Consumo Discrecional,Specialty Stores,"Memphis, Tennessee",1997-01-02,866787,1979
AVB,AvalonBay Communities,reports,Bienes Raíces,Residential REITs,"Arlington, Virginia",2007-01-10,915912,1978
AVY,Avery Dennison,reports,Materiales,Empaquetado de Papel,"Glendale, California",1987-12-31,8818,1990
BKR,Baker Hughes,reports,Energía,Oil & Gas Equipment & Services,"Houston, Texas",2017-07-07,1701605,2017
BALL,Ball Corporation,reports,Materiales,Contenedores de Metal y Vidrio,"Broomfield, Colorado",1984-10-31,9389,1880
BAC,Bank of America,reports,Finanzas,Diversified Banks,"Charlotte, North Carolina",1976-06-30,70858,1998 (1923 / 1874)
BBWI,"Bath & Body Works, Inc.",reports,Consumo Discrecional,Specialty Stores,"Columbus, Ohio",1983-09-30,701985,1963
BAX,Baxter International,reports,Cuidado de Salud,Health Care Equipment,"Deerfield, Illinois",1972-09-30,10456,1931
BDX,Becton Dickinson,reports,Cuidado de Salud,Health Care Equipment,"Franklin Lakes, New Jersey",1972-09-30,10795,1897
WRB,Berkley,reports,Finanzas,Property & Casualty Insurance,"Greenwich, Connecticut",2019-12-05,11544,1967
BRK.B,Berkshire Hathaway,reports,Finanzas,Multi-Sector Holdings,"Omaha, Nebraska",2010-02-16,1067983,1839
BBY,Best Buy,reports,Consumo Discrecional,Computer & Electronics Retail,"Richfield, Minnesota",1999-06-29,764478,1966
BIO,Bio-Rad,reports,Cuidado de Salud,Life Sciences Tools & Services,"Hercules, California",2020-06-22,12208,1952
TECH,Bio-Techne,reports,Cuidado de Salud,Life Sciences Tools & Services,"Minneapolis, Minnesota",2021-08-30,842023,1976
BIIB,Biogen,reports,Cuidado de Salud,Biotecnología,"Cambridge, Massachusetts",2003-11-13,875045,1978
BLK,BlackRock,reports,Finanzas,Asset Management & Custody Banks,"New York City, New York",2011-04-04,1364742,1988
BK,BNY Mellon,reports,Finanzas,Asset Management & Custody Banks,"New York City, New York",1995-03-31,1390777,1784
BA,Boeing,reports,Industriales,Aeroespacial y Defensa,"Chicago, Illinois",1957-03-04,12927,1916
BKNG,Booking Holdings,reports,Consumo Discrecional,Internet & Direct Marketing Retail,"Norwalk, Connecticut",2009-11-06,1075531,1996
BWA,BorgWarner,reports,Consumo Discrecional,Auto Parts & Equipment,"Auburn Hills, Michigan",2011-12-19,908255,1880
BXP,Boston Properties,reports,Bienes Raíces,Office REITs,"Boston, Massachusetts",2006-04-03,1037540,1970
BSX,Boston Scientific,reports,Cuidado de Salud,Health Care Equipment,"Marlborough, Massachusetts",1995-02-24,885725,1979
BMY,Bristol Myers Squibb,reports,Cuidado de Salud,Farmacéuticos,"New York City, New York",1957-03-04,14272,1989 (1887)
AVGO,Broadcom Inc.,reports,Tecnología Informática,Semiconductores,"San Jose, California",2014-05-08,1730168,1961
BR,Broadridge Financial Solutions,reports,Tecnología Informática,Procesamiento de Datos y Servicios Externalizados,"Lake Success, New York",2018-06-18,1383312,1962
BRO,Brown & Brown,reports,Finanzas,Insurance Brokers,"Daytona Beach, Florida",2021-09-20,79282,1939
BF.B,Brown–Forman,reports,Productos básicos,Destiladores y Viticultores,"Louisville, Kentucky",1982-10-31,14693,1870
CHRW,C.H. Robinson,reports,Industriales,Flete Aéreo y Logística,"Eden Prairie, Minnesota",2007-03-02,1043277,1905
CDNS,Cadence Design Systems,reports,Tecnología Informática,Software de Aplicación,"San Jose, California",2017-09-18,813672,1988
CZR,Caesars Entertainment,reports,Consumo Discrecional,Casinos & Gaming,"Reno, Nevada",2021-03-22,1590895,1973
CPT,Camden Property Trust,reports,Bienes Raíces,Residential REITs,"Houston, Texas",2022-04-04,906345,1981
CPB,Campbell Soup Company,reports,Productos básicos,Alimentos y Carnes Empaquetados,"Camden, New Jersey",1957-03-04,16732,1869
COF,Capital One,reports,Finanzas,Consumer Finance,"Tysons Corner, Virginia",1998-07-01,927628,1994
CAH,Cardinal Health,reports,Cuidado de Salud,Health Care Distributors,"Dublin, Ohio",1997-05-27,721371,1971
KMX,CarMax,reports,Consumo Discrecional,Automotive Retail,"Richmond, Virginia",2010-06-28,1170010,1993
CCL,Carnival,reports,Consumo Discrecional,"Hotels, Resorts & Cruise Lines","Miami, Florida",1998-12-22,815097,1972
CARR,Carrier Global,reports,Industriales,Productos de Edificio,"Palm Beach Gardens, Florida",2020-04-03,1783180,2020 (1915)
CTLT,Catalent,reports,Cuidado de Salud,Farmacéuticos,"Somerset, New Jersey",2020-09-21,1596783,2007
CAT,Caterpillar Inc.,reports,Industriales,Maquinaria de Construcción y Camiones Pesados,"Irving, Texas",1957-03-04,18230,1925
CBOE,Cboe Global Markets,reports,Finanzas,Financial Exchanges & Data,"Chicago, Illinois",2017-03-01,1374310,1973
CBRE,CBRE Group,reports,Bienes Raíces,Real Estate Services,"Dallas, Texas",2006-11-10,1138118,1906
CDW,CDW,reports,Tecnología Informática,Distribuidores de Tecnología,"Lincolnshire, Illinois",2019-09-23,1402057,1984
CE,Celanese,reports,Materiales,Químicos Especiales,"Irving, Texas",2018-12-24,1306830,1918
CNC,Centene Corporation,reports,Cuidado de Salud,Managed Health Care,"St. Louis, Missouri",2016-03-30,1071739,1984
CNP,CenterPoint Energy,reports,Utilidades,Multi-Utilities,"Houston, Texas",1985-07-31,1130310,1882
CDAY,Ceridian,reports,Tecnología Informática,Software de Aplicación,"Minneapolis, Minnesota",2021-09-20,1725057,1992
CF,CF Industries,reports,Materiales,Fertilizantes y Químicos Agrícola,"Deerfield, Illinois",2008-08-27,1324404,1946
CRL,Charles River Laboratories,reports,Cuidado de Salud,Life Sciences Tools & Services,"Wilmington, Massachusetts",2021-05-14,1100682,1947
SCHW,Charles Schwab Corporation,reports,Finanzas,Investment Banking & Brokerage,"Westlake, Texas",1997-06-02,316709,1971
CHTR,Charter Communications,reports,Servicios de Comunicación,Cable y Satélite,"Stamford, Connecticut",2016-09-08,1091667,1993
CVX,Chevron Corporation,reports,Energía,Integrated Oil & Gas,"San Ramon, California",1957-03-04,93410,1879
CMG,Chipotle Mexican Grill,reports,Consumo Discrecional,Restaurantes,"Newport Beach, California",2011-04-28,1058090,1993
CB,Chubb Limited,reports,Finanzas,Property & Casualty Insurance,"Zurich, Switzerland",2010-07-15,896159,1985
CHD,Church & Dwight,reports,Productos básicos,Productos Domésticos,"Ewing, New Jersey",2015-12-29,313927,1847
CI,Cigna,reports,Cuidado de Salud,Managed Health Care,"Bloomfield, Connecticut",1976-06-30,1739940,1982
CINF,Cincinnati Financial,reports,Finanzas,Property & Casualty Insurance,"Fairfield, Ohio",1997-12-18,20286,1950
CTAS,Cintas,reports,Industriales,Servicios de Soporte Diversificado,"Mason, Ohio",2001-03-01,723254,1929
CSCO,Cisco,reports,Tecnología Informática,Equipo de Comunicación,"San Jose, California",1993-12-01,858877,1984
C,Citigroup,reports,Finanzas,Diversified Banks,"New York City, New York",1988-05-31,831001,1998
CFG,Citizens Financial Group,reports,Finanzas,Regional Banks,"Providence, Rhode Island",2016-01-29,759944,1828
CLX,Clorox,reports,Productos básicos,Productos Domésticos,"Oakland, California",1969-03-31,21076,1913
CME,CME Group,reports,Finanzas,Financial Exchanges & Data,"Chicago, Illinois",2006-08-11,1156375,1848
CMS,CMS Energy,reports,Utilidades,Multi-Utilities,"Jackson, Michigan",1999-05-03,811156,1886
KO,The Coca-Cola Company,reports,Productos básicos,Bebidas,"Atlanta, Georgia",1957-03-04,21344,1886
CTSH,Cognizant,reports,Tecnología Informática,Consultoría Informática y Otros Servicios,"Teaneck, New Jersey",2006-11-17,1058290,1994
CL,Colgate-Palmolive,reports,Productos básicos,Productos Domésticos,"New York City, New York",1957-03-04,21665,1806
CMCSA,Comcast,reports,Servicios de Comunicación,Cable y Satélite,"Philadelphia, Pennsylvania",2002-11-19,1166691,1963
CMA,Comerica,reports,Finanzas,Diversified Banks,"Dallas, Texas",1995-12-01,28412,1849
CAG,ConAgra Foods,reports,Productos básicos,Alimentos y Carnes Empaquetados,"Chicago, Illinois",1983-08-31,23217,1919
COP,ConocoPhillips,reports,Energía,Oil & Gas Exploration & Production,"Houston, Texas",1957-03-04,1163165,2002
ED,Consolidated Edison,reports,Utilidades,Electric Utilities,"New York City, New York",,1047862,1823
STZ,Constellation Brands,reports,Productos básicos,Destiladores y Viticultores,"Victor, New York",2005-07-01,16918,1945
CEG,Constellation Energy,reports,Utilidades,Multi-Utilities,"Baltimore, Maryland",2022-02-02,1868275,1999
COO,CooperCompanies,reports,Cuidado de Salud,Health Care Supplies,"San Ramon, California",2016-09-23,711404,1958
CPRT,Copart,reports,Industriales,Servicios de Soporte Diversificado,"Dallas, Texas",2018-07-02,900075,1982
GLW,Corning Inc.,reports,Tecnología Informática,Componentes Electrónicos,"Corning, New York",,24741,1851
CTVA,Corteva,reports,Materiales,Fertilizantes y Químicos Agrícola,"Indianapolis, Indiana",2019-06-03,1755672,2019
CSGP,CoStar Group,reports,Industriales,Servicios de Investigación y Consultoría,Washington D. C.,2022-09-19,1057352,1987
COST,Costco,reports,Productos básicos,Hipermercados y Súper Centros,"Issaquah, Washington",1993-10-01,909832,1976
CTRA,Coterra,reports,Energía,Oil & Gas Exploration & Production,"Houston, Texas",2008-06-23,858470,2021 (1989)
CCI,Crown Castle,reports,Bienes Raíces,Specialized REITs,"Houston, Texas",2012-03-14,1051470,1994
CSX,CSX,reports,Industriales,Ferrocarriles,"Jacksonville, Florida",1967-09-30,277948,1980
CMI,Cummins,reports,Industriales,Maquinaria Industrial,"Columbus, Indiana",1965-03-31,26172,1919
CVS,CVS Health,reports,Cuidado de Salud,Health Care Services,"Woonsocket, Rhode Island",1957-03-04,64803,1996
DHI,D.R. Horton,reports,Consumo Discrecional,Construcción de Casas,"Arlington, Texas",2005-06-22,882184,1978
DHR,Danaher Corporation,reports,Cuidado de Salud,Health Care Equipment,Washington D. C.,,313616,1969
DRI,Darden Restaurants,reports,Consumo Discrecional,Restaurantes,"Orlando, Florida",,940944,1938
DVA,DaVita Inc.,reports,Cuidado de Salud,Health Care Facilities,"Denver, Colorado",2008-07-31,927066,1979
DE,John Deere,reports,Industriales,Maquinaria Agrícola y Granjero,"Moline, Illinois",1957-03-04,315189,1837
DAL,Delta Air Lines,reports,Industriales,Aerolíneas,"Atlanta, Georgia",2013-09-11,27904,1929
XRAY,Dentsply Sirona,reports,Cuidado de Salud,Health Care Supplies,"Charlotte, North Carolina",2008-11-14,818479,2016 (1969)
DVN,Devon Energy,reports,Energía,Oil & Gas Exploration & Production,"Oklahoma City, Oklahoma",2000-08-30,1090012,1971
DXCM,Dexcom,reports,Cuidado de Salud,Health Care Equipment,"San Diego, California",2020-05-12,1093557,1999
FANG,Diamondback Energy,reports,Energía,Oil & Gas Exploration & Production,"Midland, Texas",2018-12-03,1539838,2007
DLR,Digital Realty,reports,Bienes Raíces,Specialized REITs,"Austin, Texas",2016-05-18,1297996,2004
DFS,Discover Financial,reports,Finanzas,Consumer Finance,"Riverwoods, Illinois",2007-07-02,1393612,1985
DISH,Dish Network,reports,Servicios de Comunicación,Cable y Satélite,"Meridian, Colorado",2017-03-13,1001082,1980
DIS,Disney,reports,Servicios de Comunicación,Películas y Entretenimiento,"Burbank, California",1976-06-30,1744489,1923
DG,Dollar General,reports,Consumo Discrecional,General Merchandise Stores,"Goodlettsville, Tennessee",2012-12-03,29534,1939
DLTR,Dollar Tree,reports,Consumo Discrecional,General Merchandise Stores,"Chesapeake, Virginia",2011-12-19,935703,1986
D,Dominion Energy,reports,Utilidades,Electric Utilities,"Richmond, Virginia",,715957,1983
DPZ,Domino's,reports,Consumo Discrecional,Restaurantes,"Ann Arbor, Michigan",2020-05-12,1286681,1960
DOV,Dover Corporation,reports,Industriales,Maquinaria Industrial,"Downers Grove, Illinois",1985-10-31,29905,1955
DOW,Dow Inc.,reports,Materiales,Productos Químicos,"Midland, Michigan",2019-04-01,1751788,2019
DTE,DTE Energy,reports,Utilidades,Multi-Utilities,"Detroit, Michigan",1957-03-04,936340,1995
DUK,Duke Energy,reports,Utilidades,Electric Utilities,"Charlotte, North Carolina",1976-06-30,1326160,1904
DD,DuPont,reports,Materiales,Químicos Especiales,"Wilmington, Delaware",2019-04-02,1666700,2017
DXC,DXC Technology,reports,Tecnología Informática,Consultoría Informática y Otros Servicios,"Tysons Corner, Virginia",2017-04-04,1688568,2017
EMN,Eastman Chemical Company,reports,Materiales,Químicos Diversificados,"Kingsport, Tennessee",1994-01-01,915389,1920
ETN,Eaton Corporation,reports,Industriales,Componentes y Equipo Eléctrico,"Dublin, Ireland",,1551182,1911
EBAY,eBay,reports,Consumo Discrecional,Internet & Direct Marketing Retail,"San Jose, California",2002-07-22,1065088,1995
ECL,Ecolab,reports,Materiales,Químicos Especiales,"Saint Paul, Minnesota",1989-01-31,31462,1923
EIX,Edison International,reports,Utilidades,Electric Utilities,"Rosemead, California",1957-03-04,827052,1886
EW,Edwards Lifesciences,reports,Cuidado de Salud,Health Care Equipment,"Irvine, California",2011-04-01,1099800,1958
EA,Electronic Arts,reports,Servicios de Comunicación,Entretenimiento Doméstico Interactivo,"Redwood City, California",2002-07-22,712515,1982
ELV,Elevance Health,reports,Cuidado de Salud,Managed Health Care,"Indianapolis, Indiana",2002-07-25,1156039,2014 (1946)
LLY,Eli Lilly and Company,reports,Cuidado de Salud,Farmacéuticos,"Indianapolis, Indiana",1970-12-31,59478,1876
EMR,Emerson Electric,reports,Industriales,Componentes y Equipo Eléctrico,"Ferguson, Missouri",1965-03-31,32604,1890
ENPH,Enphase,reports,Tecnología Informática,Componentes Electrónicos,"Fremont, California",2021-01-07,1463101,2006
ETR,Entergy,reports,Utilidades,Electric Utilities,"New Orleans, Louisiana",1957-03-04,65984,1913
EOG,EOG Resources,reports,Energía,Oil & Gas Exploration & Production,"Houston, Texas",2000-11-02,821189,1999
EPAM,EPAM Systems,reports,Tecnología Informática,Consultoría Informática y Otros Servicios,"Newtown, Pennsylvania",2021-12-14,1352010,1993
EQT,EQT,reports,Energía,Oil & Gas Exploration & Production,"Pittsburgh, Pennsylvania",2022-10-03,33213,1888
EFX,Equifax,reports,Industriales,Servicios de Investigación y Consultoría,"Atlanta, Georgia",1997-06-19,33185,1899
EQIX,Equinix,reports,Bienes Raíces,Specialized REITs,"Redwood City, California",2015-03-20,1101239,1998
EQR,Equity Residential,reports,Bienes Raíces,Residential REITs,"Chicago, Illinois",2001-12-03,906107,1969
ESS,Essex Property Trust,reports,Bienes Raíces,Residential REITs,"San Mateo, California",2014-04-02,920522,1971
EL,The Estée Lauder Companies,reports,Productos básicos,Productos Personales,"New York City, New York",2006-01-05,1001250,1946
ETSY,Etsy,reports,Consumo Discrecional,Internet & Direct Marketing Retail,"New York City, New York",2020-09-21,1370637,2005
RE,Everest Re,reports,Finanzas,Reinsurance,"Hamilton, Bermuda",2017-06-19,1095073,1973
EVRG,Evergy,reports,Utilidades,Electric Utilities,"Kansas City, Missouri",2018-06-05,1711269,1909
ES,Eversource,reports,Utilidades,Multi-Utilities,"Hartford, Connecticut",2009,72741,1966
EXC,Exelon,reports,Utilidades,Multi-Utilities,"Chicago, Illinois",1957-03-04,1109357,2000
EXPE,Expedia Group,reports,Consumo Discrecional,Internet & Direct Marketing Retail,"Seattle, Washington",2007-10-02,1324424,1996
EXPD,Expeditors International,reports,Industriales,Flete Aéreo y Logística,"Seattle, Washington",2007-10-10,746515,1979
EXR,Extra Space Storage,reports,Bienes Raíces,Specialized REITs,"Salt Lake City, Utah",2016-01-19,1289490,1977
XOM,ExxonMobil,reports,Energía,Integrated Oil & Gas,"Irving, Texas",1957-03-04,34088,1999
FFIV,"F5, Inc.",reports,Tecnología Informática,Equipo de Comunicación,"Seattle, Washington",2010-12-20,1048695,1996
FDS,FactSet,reports,Finanzas,Financial Exchanges & Data,"Norwalk, Connecticut",2021-12-20,1013237,1978
FAST,Fastenal,reports,Industriales,Productos de Edificio,"Winona, Minnesota",2008-09-15,815556,1967
FRT,Federal Realty,reports,Bienes Raíces,Retail REITs,"Rockville, Maryland",2016-02-01,34903,1962
FDX,FedEx,reports,Industriales,Flete Aéreo y Logística,"Memphis, Tennessee",1980-12-31,1048911,1971
FITB,Fifth Third Bank,reports,Finanzas,Regional Banks,"Cincinnati, Ohio",,35527,1858
FRC,First Republic Bank,reports,Finanzas,Regional Banks,"San Francisco, California",2019-01-02,1132979,1985
FSLR,First Solar,reports,Tecnología Informática,Semiconductores,"Tempe, Arizona",2022-12-19,1274494,1999
FE,FirstEnergy,reports,Utilidades,Electric Utilities,"Akron, Ohio",,1031296,1997
FIS,FIS,reports,Tecnología Informática,Procesamiento de Datos y Servicios Externalizados,"Jacksonville, Florida",2006-11-10,1136893,1968
FISV,Fiserv,reports,Tecnología Informática,Procesamiento de Datos y Servicios Externalizados,"Brookfield, Wisconsin",2001-04-02,798354,1984
FLT,Fleetcor,reports,Tecnología Informática,Procesamiento de Datos y Servicios Externalizados,"Atlanta, Georgia",2018-06-20,1175454,2000
FMC,FMC Corporation,reports,Materiales,Fertilizantes y Químicos Agrícola,"Philadelphia, Pennsylvania",2009-08-19,37785,1883
F,Ford Motor Company,reports,Consumo Discrecional,Automobile Manufacturers,"Dearborn, Michigan",1957-03-04,37996,1903
FTNT,Fortinet,reports,Tecnología Informática,Software de Sistemas,"Sunnyvale, California",2018-10-11,1262039,2000
FTV,Fortive,reports,Industriales,Maquinaria Industrial,"Everett, Washington",2016-07-01,1659166,2016
FOXA,Fox Corporation (Class A),reports,Servicios de Comunicación,Películas y Entretenimiento,"New York City, New York",2013-07-01,1754301,2019
FOX,Fox Corporation (Class B),reports,Servicios de Comunicación,Películas y Entretenimiento,"New York City, New York",2015-09-18,1754301,2019
BEN,Franklin Templeton,reports,Finanzas,Asset Management & Custody Banks,"San Mateo, California",,38777,1947
FCX,Freeport-McMoRan,reports,Materiales,Cobre,"Phoenix, Arizona",,831259,1912
GRMN,Garmin,reports,Consumo Discrecional,Consumer Electronics,"Schaffhausen, Switzerland",2012-12-12,1121788,1989
IT,Gartner,reports,Tecnología Informática,Consultoría Informática y Otros Servicios,"Stamford, Connecticut",2017-04-05,749251,1979
GEHC,GE HealthCare,reports,Cuidado de Salud,Health Care Technology,"Chicago, Illinois",2023-01-04,1932393,1994
GEN,Gen Digital,reports,Tecnología Informática,Software de Aplicación,"Tempe, Arizona",2003-03-25,849399,1982
GNRC,Generac,reports,Industriales,Componentes y Equipo Eléctrico,"Waukesha, Wisconsin",2021-03-22,1474735,1959
GD,General Dynamics,reports,Industriales,Aeroespacial y Defensa,"Falls Church, Virginia",1957-03-04,40533,1899
GE,General Electric,reports,Industriales,Conglomerados Industriales,"Boston, Massachusetts",,40545,1892
GIS,General Mills,reports,Productos básicos,Alimentos y Carnes Empaquetados,"Golden Valley, Minnesota",1969-03-31,40704,1856
GM,General Motors,reports,Consumo Discrecional,Automobile Manufacturers,"Detroit, Michigan",2013-06-06,1467858,1908
GPC,Genuine Parts Company,reports,Consumo Discrecional,Specialty Stores,"Atlanta, Georgia",1973-12-31,40987,1925
GILD,Gilead Sciences,reports,Cuidado de Salud,Biotecnología,"Foster City, California",2004-07-01,882095,1987
GL,Globe Life,reports,Finanzas,Life & Health Insurance,"McKinney, Texas",1989-04-30,320335,1900
GPN,Global Payments,reports,Tecnología Informática,Procesamiento de Datos y Servicios Externalizados,"Atlanta, Georgia",2016-04-25,1123360,2000
GS,Goldman Sachs,reports,Finanzas,Investment Banking & Brokerage,"New York City, New York",2002-07-22,886982,1869
HAL,Halliburton,reports,Energía,Oil & Gas Equipment & Services,"Houston, Texas",1957-03-04,45012,1919
HIG,Hartford (The),reports,Finanzas,Property & Casualty Insurance,"Hartford, Connecticut",1957-03-04,874766,1810
HAS,Hasbro,reports,Consumo Discrecional,Leisure Products,"Pawtucket, Rhode Island",1984-09-30,46080,1923
HCA,HCA Healthcare,reports,Cuidado de Salud,Health Care Facilities,"Nashville, Tennessee",2015-01-27,860730,1968
PEAK,Healthpeak,reports,Bienes Raíces,Health Care REITs,"Long Beach, California",2008-03-31,765880,1985
HSIC,Henry Schein,reports,Cuidado de Salud,Health Care Distributors,"Melville, New York",2015-03-17,1000228,1932
HSY,Hershey's,reports,Productos básicos,Alimentos y Carnes Empaquetados,"Hershey, Pennsylvania",1957-03-04,47111,1894
HES,Hess Corporation,reports,Energía,Integrated Oil & Gas,"New York City, New York",1984-05-31,4447,1919
HPE,Hewlett Packard Enterprise,reports,Tecnología Informática,"Tecnología Hardware, Almacenamiento & Periféricos","Houston, Texas",2015-11-02,1645590,2015
HLT,Hilton Worldwide,reports,Consumo Discrecional,"Hotels, Resorts & Cruise Lines","Tysons Corner, Virginia",2017-06-19,1585689,1919
HOLX,Hologic,reports,Cuidado de Salud,Health Care Equipment,"Marlborough, Massachusetts",2016-03-30,859737,1985
HD,The Home Depot,reports,Consumo Discrecional,Home Improvement Retail,"Atlanta, Georgia",1988-03-31,354950,1978
HON,Honeywell,reports,Industriales,Conglomerados Industriales,"Charlotte, North Carolina",1964-03-31,773840,1906
HRL,Hormel Foods,reports,Productos básicos,Alimentos y Carnes Empaquetados,"Austin, Minnesota",2009-03-04,48465,1891
HST,Host Hotels & Resorts,reports,Bienes Raíces,Hotel & Resort REITs,"Bethesda, Maryland",2007-03-20,1070750,1993
HWM,Howmet Aerospace,reports,Industriales,Aeroespacial y Defensa,"Pittsburgh, Pennsylvania",1964-03-31,4281,2016
HPQ,HP Inc.,reports,Tecnología Informática,"Tecnología Hardware, Almacenamiento & Periféricos","Palo Alto, California",1974-12-31,47217,1939 (2015)
HUM,Humana,reports,Cuidado de Salud,Managed Health Care,"Louisville, Kentucky",,49071,1961
HBAN,Huntington Bancshares,reports,Finanzas,Regional Banks,"Columbus, Ohio; Detroit, Michigan",,49196,1866
HII,Huntington Ingalls Industries,reports,Industriales,Aeroespacial y Defensa,"Newport News, Virginia",2018-01-03,1501585,2011
IBM,IBM,reports,Tecnología Informática,Consultoría Informática y Otros Servicios,"Armonk, New York",1957-03-04,51143,1911
IEX,IDEX Corporation,reports,Industriales,Maquinaria Industrial,"Lake Forest, Illinois",2019-08-09,832101,1988
IDXX,Idexx Laboratories,reports,Cuidado de Salud,Health Care Equipment,"Westbrook, Maine",2017-01-05,874716,1983
ITW,Illinois Tool Works,reports,Industriales,Maquinaria Industrial,"Glenview, Illinois",1986-02-28,49826,1912
ILMN,Illumina,reports,Cuidado de Salud,Life Sciences Tools & Services,"San Diego, California",2015-11-19,1110803,1998
INCY,Incyte,reports,Cuidado de Salud,Biotecnología,"Wilmington, Delaware",2017-02-28,879169,1991
IR,Ingersoll Rand,reports,Industriales,Maquinaria Industrial,"Davidson, North Carolina",2020-03-03,1699150,1859
INTC,Intel,reports,Tecnología Informática,Semiconductores,"Santa Clara, California",1976-12-31,50863,1968
ICE,Intercontinental Exchange,reports,Finanzas,Financial Exchanges & Data,"Atlanta, Georgia",2007-09-26,1571949,2000
IP,International Paper,reports,Materiales,Empaquetado de Papel,"Memphis, Tennessee",1957-03-04,51434,1898
IPG,The Interpublic Group of Companies,reports,Servicios de Comunicación,Publicidad,"New York City, New York",1992-10-01,51644,1961 (1930)
IFF,International Flavors & Fragrances,reports,Materiales,Químicos Especiales,"New York City, New York",1976-03-31,51253,1958 (1889)
INTU,Intuit,reports,Tecnología Informática,Software de Aplicación,"Mountain View, California",2000-12-05,896878,1983
ISRG,Intuitive Surgical,reports,Cuidado de Salud,Health Care Equipment,"Sunnyvale, California",2008-06-02,1035267,1995
IVZ,Invesco,reports,Finanzas,Asset Management & Custody Banks,"Atlanta, Georgia",2008-08-21,914208,1935
INVH,Invitation Homes,reports,Bienes Raíces,Residential REITs,"Dallas, Texas",2022-09-19,1687229,2012
IQV,IQVIA,reports,Cuidado de Salud,Life Sciences Tools & Services,"Durham, North Carolina",2017-08-29,1478242,1982
IRM,Iron Mountain,reports,Bienes Raíces,Specialized REITs,"Boston, Massachusetts",2009-01-06,1020569,1951
JBHT,J.B. Hunt,reports,Industriales,Camionaje,"Lowell, Arkansas",2015-07-01,728535,1961
JKHY,Jack Henry & Associates,reports,Tecnología Informática,Procesamiento de Datos y Servicios Externalizados,"Monett, Missouri",2018-11-13,779152,1976
J,Jacobs Solutions,reports,Industriales,Construcción e Ingeniería,"Dallas, Texas",2007-10-26,52988,1947
JNJ,Johnson & Johnson,reports,Cuidado de Salud,Farmacéuticos,"New Brunswick, New Jersey",1973-06-30,200406,1886
JCI,Johnson Controls,reports,Industriales,Productos de Edificio,"Cork, Ireland",2010-08-27,833444,1885
JPM,JP Morgan Chase,reports,Finanzas,Diversified Banks,"New York City, New York",1975-06-30,19617,2000 (1799 / 1871)
JNPR,Juniper Networks,reports,Tecnología Informática,Equipo de Comunicación,"Sunnyvale, California",2006-06-02,1043604,1996
K,Kellogg's,reports,Productos básicos,Alimentos y Carnes Empaquetados,"Battle Creek, Michigan",1989-09-11,55067,1906
KDP,Keurig Dr Pepper,reports,Productos básicos,Bebidas,"Burlington, Massachusetts",2022-06-21,1418135,1981
KEY,KeyCorp,reports,Finanzas,Regional Banks,"Cleveland, Ohio",1994-03-01,91576,1825
KEYS,Keysight,reports,Tecnología Informática,Equipo Electrónico y Instrumentos,"Santa Rosa, California",2018-11-06,1601046,2014 (1939)
KMB,Kimberly-Clark,reports,Productos básicos,Productos Domésticos,"Irving, Texas",1957-03-04,55785,1872
KIM,Kimco Realty,reports,Bienes Raíces,Retail REITs,"New Hyde Park, New York",2006-04-04,879101,1958
KMI,Kinder Morgan,reports,Energía,Oil & Gas Storage & Transportation,"Houston, Texas",2012-05-25,1506307,1997
KLAC,KLA Corporation,reports,Tecnología Informática,Equipo de Semiconductores,"Milpitas, California",,319201,1975/1977 (1997)
KHC,Kraft Heinz,reports,Productos básicos,Alimentos y Carnes Empaquetados,"Chicago, Illinois; Pittsburgh, Pennsylvania",2015-07-06,1637459,2015 (1869)
KR,Kroger,reports,Productos básicos,Venta de Alimentos,"Cincinnati, Ohio",1957-03-04,56873,1883
LHX,L3Harris,reports,Industriales,Aeroespacial y Defensa,"Melbourne, Florida",2008-09-22,202058,2019 (1895)
LH,LabCorp,reports,Cuidado de Salud,Health Care Services,"Burlington, North Carolina",2004-11-01,920148,1978
LRCX,Lam Research,reports,Tecnología Informática,Equipo de Semiconductores,"Fremont, California",2012-06-29,707549,1980
LW,Lamb Weston,reports,Productos básicos,Alimentos y Carnes Empaquetados,"Eagle, Idaho",2018-12-03,1679273,2016 (1950)
LVS,Las Vegas Sands,reports,Consumo Discrecional,Casinos & Gaming,"Las Vegas, Nevada",2019-10-03,1300514,1988
LDOS,Leidos,reports,Industriales,Servicios de Soporte Diversificado,"Reston, Virginia",2019-08-09,1336920,1969
LEN,Lennar,reports,Consumo Discrecional,Construcción de Casas,"Miami, Florida",2005-10-04,920760,1954
LNC,Lincoln Financial,reports,Finanzas,Multi-line Insurance,"Radnor, Pennsylvania",1976-06-30,59558,1905
LIN,Linde plc,reports,Materiales,Gases Industriales,"Guildford, United Kingdom",1992-07-01,1707925,1879
LYV,Live Nation Entertainment,reports,Servicios de Comunicación,Películas y Entretenimiento,"Beverly Hills, California",2019-12-23,1335258,2010
LKQ,LKQ Corporation,reports,Consumo Discrecional,Distribuidores,"Chicago, Illinois",2016-05-23,1065696,1998
LMT,Lockheed Martin,reports,Industriales,Aeroespacial y Defensa,"Bethesda, Maryland",1984-07-31,936468,1995
L,Loews Corporation,reports,Finanzas,Multi-line Insurance,"New York City, New York",,60086,1959
LOW,Lowe's,reports,Consumo Discrecional,Home Improvement Retail,"Mooresville, North Carolina",1984-02-29,60667,1904/1946/1959
LUMN,Lumen Technologies,reports,Servicios de Comunicación,Proveedores Alternativos,"Monroe, Louisiana",1999-03-25,18926,1983 (1877)
LYB,LyondellBasell,reports,Materiales,Químicos Especiales,"Rotterdam, Netherlands",2012-09-05,1489393,2007
MTB,M&T Bank,reports,Finanzas,Regional Banks,"Buffalo, New York",2004-02-23,36270,1856
MRO,Marathon Oil,reports,Energía,Oil & Gas Exploration & Production,"Houston, Texas",1991-05-01,101778,1887
MPC,Marathon Petroleum,reports,Energía,Oil & Gas Refining & Marketing,"Findlay, Ohio",2011-07-01,1510295,2009 (1887)
MKTX,MarketAxess,reports,Finanzas,Financial Exchanges & Data,"New York City, New York",2019-07-01,1278021,2000
MAR,Marriott International,reports,Consumo Discrecional,"Hotels, Resorts & Cruise Lines","Bethesda, Maryland",,1048286,1927
MMC,Marsh McLennan,reports,Finanzas,Insurance Brokers,"New York City, New York",1987-08-31,62709,1905
MLM,Martin Marietta Materials,reports,Materiales,Materiales de construcción,"Raleigh, North Carolina",2014-07-02,916076,1993
MAS,Masco,reports,Industriales,Productos de Edificio,"Livonia, Michigan",1981-06-30,62996,1929
MA,Mastercard,reports,Tecnología Informática,Procesamiento de Datos y Servicios Externalizados,"Harrison, New York",2008-07-18,1141391,1966
MTCH,Match Group,reports,Servicios de Comunicación,Medios y Servicios Interactivos,"Dallas, Texas",2021-09-20,891103,1986
MKC,McCormick Company,reports,Productos básicos,Alimentos y Carnes Empaquetados,"Hunt Valley, Maryland",2003-03-20,63754,1889
MCD,McDonald's,reports,Consumo Discrecional,Restaurantes,"Chicago, Illinois",1970-06-30,63908,1940
MCK,McKesson,reports,Cuidado de Salud,Health Care Distributors,"Irving, Texas",,927653,1833
MDT,Medtronic,reports,Cuidado de Salud,Health Care Equipment,"Dublin, Ireland",1986-10-31,1613103,1949
MRK,Merck & Co.,reports,Cuidado de Salud,Farmacéuticos,"Kenilworth, New Jersey",1957-03-04,310158,1891
META,Meta Platforms,reports,Servicios de Comunicación,Medios y Servicios Interactivos,"Menlo Park, California",2013-12-23,1326801,2004
MET,MetLife,reports,Finanzas,Life & Health Insurance,"New York City, New York",,1099219,1868
MTD,Mettler Toledo,reports,Cuidado de Salud,Life Sciences Tools & Services,"Columbus, Ohio",2016-09-06,1037646,1945
MGM,MGM Resorts,reports,Consumo Discrecional,Casinos & Gaming,"Paradise, Nevada",2017-07-26,789570,1986
MCHP,Microchip Technology,reports,Tecnología Informática,Semiconductores,"Chandler, Arizona",2007-09-07,827054,1989
MU,Micron Technology,reports,Tecnología Informática,Semiconductores,"Boise, Idaho",1994-09-27,723125,1978
MSFT,Microsoft,reports,Tecnología Informática,Software de Sistemas,"Redmond, Washington",1994-06-01,789019,1975
MAA,Mid-America Apartment Communities,reports,Bienes Raíces,Residential REITs,"Memphis, Tennessee",2016-12-02,912595,1977
MRNA,Moderna,reports,Cuidado de Salud,Biotecnología,"Cambridge, Massachusetts",2021-07-21,1682852,2010
MHK,Mohawk Industries,reports,Consumo Discrecional,Home Furnishings,"Calhoun, Georgia",2013-12-23,851968,1878
MOH,Molina Healthcare,reports,Cuidado de Salud,Managed Health Care,"Long Beach, California",2022-03-02,1179929,1980
TAP,Molson Coors Beverage Company,reports,Productos básicos,Cerveceros,"Chicago, Illinois",1976-06-30,24545,"2005 (Molson 1786, Coors 1873)"
MDLZ,Mondelez International,reports,Productos básicos,Alimentos y Carnes Empaquetados,"Chicago, Illinois",2012-10-02,1103982,2012
MPWR,Monolithic Power Systems,reports,Tecnología Informática,Semiconductores,"Kirkland, Washington",2021-02-12,1280452,1997
MNST,Monster Beverage,reports,Productos básicos,Bebidas,"Corona, California",2012-06-28,865752,2012 (1935)
MCO,Moody's,reports,Finanzas,Financial Exchanges & Data,"New York City, New York",,1059556,1909
MS,Morgan Stanley,reports,Finanzas,Investment Banking & Brokerage,"New York City, New York",,895421,1935
MOS,The Mosaic Company,reports,Materiales,Fertilizantes y Químicos Agrícola,"Tampa, Florida",2011-09-26,1285785,2004 (1865 / 1909)
MSI,Motorola Solutions,reports,Tecnología Informática,Equipo de Comunicación,"Chicago, Illinois",,68505,1928 (2011)
MSCI,MSCI,reports,Finanzas,Financial Exchanges & Data,"New York City, New York",2018-04-04,1408198,1969
NDAQ,"Nasdaq, Inc.",reports,Finanzas,Financial Exchanges & Data,"New York City, New York",2008-10-22,1120193,1971
NTAP,NetApp,reports,Tecnología Informática,"Tecnología Hardware, Almacenamiento & Periféricos","San Jose, California",1999-06-25,1002047,1992
NFLX,Netflix,reports,Servicios de Comunicación,Películas y Entretenimiento,"Los Gatos, California",2010-12-20,1065280,1997
NWL,Newell Brands,reports,Consumo Discrecional,Housewares & Specialties,"Atlanta, Georgia",1989-04-30,814453,1903
NEM,Newmont,reports,Materiales,Oro,"Denver, Colorado",1969-06-30,1164727,1921
NWSA,News Corp (Class A),reports,Servicios de Comunicación,Publicación,"New York City, New York",2013-08-01,1564708,2013 (1980)
NWS,News Corp (Class B),reports,Servicios de Comunicación,Publicación,"New York City, New York",2015-09-18,1564708,2013 (1980)
NEE,NextEra Energy,reports,Utilidades,Multi-Utilities,"Juno Beach, Florida",1976-06-30,753308,1984 (1925)
NKE,"Nike, Inc.",reports,Consumo Discrecional,"Apparel, Accessories & Luxury Goods","Washington County, Oregon",1988-11-30,320187,1964
NI,NiSource,reports,Utilidades,Multi-Utilities,"Merrillville, Indiana",,1111711,1912
NDSN,Nordson Corporation,reports,Industriales,Maquinaria Industrial,"Westlake, Ohio",2022-02-15,72331,1935
NSC,Norfolk Southern Railway,reports,Industriales,Ferrocarriles,"Atlanta, Georgia",1957-03-04,702165,1881/1894 (1980)
NTRS,Northern Trust,reports,Finanzas,Asset Management & Custody Banks,"Chicago, Illinois",,73124,1889
NOC,Northrop Grumman,reports,Industriales,Aeroespacial y Defensa,"West Falls Church, Virginia",1985-06-30,1133421,"1994 (Northrop 1939, Grumman 1930)"
NCLH,Norwegian Cruise Line Holdings,reports,Consumo Discrecional,"Hotels, Resorts & Cruise Lines","Miami, Florida",2017-10-13,1513761,2011 (1966)
NRG,NRG Energy,reports,Utilidades,Independent Power Producers & Energy Traders,"Houston, Texas",2010-01-29,1013871,1992
NUE,Nucor,reports,Materiales,Acero,"Charlotte, North Carolina",1985-04-30,73309,1940
NVDA,Nvidia,reports,Tecnología Informática,Semiconductores,"Santa Clara, California",2001-11-30,1045810,1993
NVR,"NVR, Inc.",reports,Consumo Discrecional,Construcción de Casas,"Reston, Virginia",2019-09-26,906163,1980
NXPI,NXP Semiconductors,reports,Tecnología Informática,Semiconductores,"Eindhoven, Netherlands",2021-03-22,1413447,1953
ORLY,O'Reilly Auto Parts,reports,Consumo Discrecional,Specialty Stores,"Springfield, Missouri",2009-03-27,898173,1957
OXY,Occidental Petroleum Corporation,reports,Energía,Oil & Gas Exploration & Production,"Houston, Texas",1982-12-31,797468,1920
ODFL,Old Dominion,reports,Industriales,Camionaje,"Thomasville, North Carolina",2019-12-09,878927,1934
OMC,Omnicom Group,reports,Servicios de Comunicación,Publicidad,"New York City, New York",,29989,1986
ON,ON Semiconductor,reports,Tecnología Informática,Semiconductores,"Phoenix, Arizona",2022-06-21,1097864,1999
OKE,ONEOK,reports,Energía,Oil & Gas Storage & Transportation,"Tulsa, Oklahoma",2010-03-15,1039684,1906
ORCL,Oracle Corporation,reports,Tecnología Informática,Software de Aplicación,"Austin, Texas",1989-08-31,1341439,1977
OGN,Organon & Co.,reports,Cuidado de Salud,Farmacéuticos,"Jersey City, New Jersey",2021-06-03,1821825,2021
OTIS,Otis Elevator Company,reports,Industriales,Maquinaria Industrial,"Farmington, Connecticut",2020-04-03,1781335,2020 (1853)
PCAR,Paccar,reports,Industriales,Maquinaria de Construcción y Camiones Pesados,"Bellevue, Washington",1980-12-31,75362,1905
PKG,Packaging Corporation of America,reports,Materiales,Empaquetado de Papel,"Lake Forest, Illinois",2017-07-26,75677,1959
PARA,Paramount Global,reports,Servicios de Comunicación,Películas y Entretenimiento,"New York City, New York",,813828,2019 (1952)
PH,Parker Hannifin,reports,Industriales,Maquinaria Industrial,"Cleveland, Ohio",1985-11-30,76334,1917
PAYX,Paychex,reports,Tecnología Informática,Procesamiento de Datos y Servicios Externalizados,"Penfield, New York",,723531,1971
PAYC,Paycom,reports,Tecnología Informática,Software de Aplicación,"Oklahoma City, Oklahoma",2020-01-28,1590955,1998
PYPL,PayPal,reports,Tecnología Informática,Procesamiento de Datos y Servicios Externalizados,"San Jose, California",2015-07-20,1633917,1998
PNR,Pentair,reports,Industriales,Maquinaria Industrial,"Worsley, United Kingdom",2012-10-01,77360,1966
PEP,PepsiCo,reports,Productos básicos,Bebidas,"Purchase, New York",1957-03-04,77476,1898
PKI,PerkinElmer,reports,Cuidado de Salud,Health Care Equipment,"Waltham, Massachusetts",1985-05-31,31791,1937
PFE,Pfizer,reports,Cuidado de Salud,Farmacéuticos,"New York City, New York",1957-03-04,78003,1849
PCG,PG&E Corporation,reports,Utilidades,Multi-Utilities,"San Francisco, California",2022-10-03,1004980,1905
PM,Philip Morris International,reports,Productos básicos,Tabaco,"New York City, New York",2008-03-31,1413329,2008 (1847)
PSX,Phillips 66,reports,Energía,Oil & Gas Refining & Marketing,"Houston, Texas",2012-05-01,1534701,2012 (1917)
PNW,Pinnacle West,reports,Utilidades,Multi-Utilities,"Phoenix, Arizona",,764622,1985
PXD,Pioneer Natural Resources,reports,Energía,Oil & Gas Exploration & Production,"Irving, Texas",2008-09-24,1038357,1997
PNC,PNC Financial Services,reports,Finanzas,Regional Banks,"Pittsburgh, Pennsylvania",1988-04-30,713676,1845
POOL,Pool Corporation,reports,Consumo Discrecional,Distribuidores,"Covington, Louisiana",2020-10-07,945841,1993
PPG,PPG Industries,reports,Materiales,Químicos Especiales,"Pittsburgh, Pennsylvania",1957-03-04,79879,1883
PPL,PPL Corporation,reports,Utilidades,Electric Utilities,"Allentown, Pennsylvania",,922224,1920
PFG,Principal Financial Group,reports,Finanzas,Life & Health Insurance,"Des Moines, Iowa",2002-07-22,1126328,1879
PG,Procter & Gamble,reports,Productos básicos,Productos Personales,"Cincinnati, Ohio",1957-03-04,80424,1837
PGR,Progressive Corporation,reports,Finanzas,Property & Casualty Insurance,"Mayfield Village, Ohio",1997-08-04,80661,1937
PLD,Prologis,reports,Bienes Raíces,Industrial REITs,"San Francisco, California",2003-07-17,1045609,1983
PRU,Prudential Financial,reports,Finanzas,Life & Health Insurance,"Newark, New Jersey",2002-07-22,1137774,1875
PEG,Public Service Enterprise Group,reports,Utilidades,Electric Utilities,"Newark, New Jersey",1957-03-04,788784,1903
PTC,PTC,reports,Tecnología Informática,Software de Aplicación,"Boston, Massachusetts",2021-04-20,857005,1985
PSA,Public Storage,reports,Bienes Raíces,Specialized REITs,"Glendale, California",2005-08-19,1393311,1972
PHM,PulteGroup,reports,Consumo Discrecional,Construcción de Casas,"Atlanta, Georgia",1984-04-30,822416,1956
QRVO,Qorvo,reports,Tecnología Informática,Semiconductores,"Greensboro, North Carolina",2015-06-11,1604778,2015
PWR,Quanta Services,reports,Industriales,Construcción e Ingeniería,"Houston, Texas",2009-07-01,1050915,1997
QCOM,Qualcomm,reports,Tecnología Informática,Semiconductores,"San Diego, California",,804328,1985
DGX,Quest Diagnostics,reports,Cuidado de Salud,Health Care Services,"Secaucus, New Jersey",2002-12-12,1022079,1967
RL,Ralph Lauren Corporation,reports,Consumo Discrecional,"Apparel, Accessories & Luxury Goods","New York City, New York",2007-02-02,1037038,1967
RJF,Raymond James,reports,Finanzas,Investment Banking & Brokerage,"St. Petersburg, Florida",2017-03-20,720005,1962
RTX,Raytheon Technologies,reports,Industriales,Aeroespacial y Defensa,"Waltham, Massachusetts",,101829,1922
O,Realty Income,reports,Bienes Raíces,Retail REITs,"San Diego, California",2015-04-07,726728,1969
REG,Regency Centers,reports,Bienes Raíces,Retail REITs,"Jacksonville, Florida",2017-03-02,910606,1963
REGN,Regeneron,reports,Cuidado de Salud,Biotecnología,"Tarrytown, New York",2013-05-01,872589,1988
RF,Regions Financial Corporation,reports,Finanzas,Regional Banks,"Birmingham, Alabama",1998-08-28,1281761,1971
RSG,Republic Services,reports,Industriales,Servicios Ambientales y de Comodidades,"Phoenix, Arizona",2008-12-05,1060391,1998 (1981)
RMD,ResMed,reports,Cuidado de Salud,Health Care Equipment,"San Diego, California",2017-07-26,943819,1989
RHI,Robert Half,reports,Industriales,Servicios de Recursos Humanos y Empleo,"Menlo Park, California",2000-12-05,315213,1948
ROK,Rockwell Automation,reports,Industriales,Componentes y Equipo Eléctrico,"Milwaukee, Wisconsin",,1024478,1903
ROL,"Rollins, Inc.",reports,Industriales,Servicios Ambientales y de Comodidades,"Atlanta, Georgia",2018-10-01,84839,1948
ROP,Roper Technologies,reports,Tecnología Informática,Equipo Electrónico y Instrumentos,"Sarasota, Florida",2009-12-23,882835,1981
ROST,Ross Stores,reports,Consumo Discrecional,Apparel Retail,"Dublin, California",2009-12-21,745732,1982
RCL,Royal Caribbean Group,reports,Consumo Discrecional,"Hotels, Resorts & Cruise Lines","Miami, Florida",2014-12-05,884887,1997
SPGI,S&P Global,reports,Finanzas,Financial Exchanges & Data,"New York City, New York",,64040,1917
CRM,Salesforce,reports,Tecnología Informática,Software de Aplicación,"San Francisco, California",2008-09-15,1108524,1999
SBAC,SBA Communications,reports,Bienes Raíces,Specialized REITs,"Boca Raton, Florida",2017-09-01,1034054,1989
SLB,Schlumberger,reports,Energía,Oil & Gas Equipment & Services,"Curaçao, Kingdom of the Netherlands",1965-03-31,87347,1926
STX,Seagate Technology,reports,Tecnología Informática,"Tecnología Hardware, Almacenamiento & Periféricos","Dublin, Ireland",2012-07-02,1137789,1979
SEE,Sealed Air,reports,Materiales,Empaquetado de Papel,"Charlotte, North Carolina",1957-03-04,1012100,1960
SRE,Sempra Energy,reports,Utilidades,Multi-Utilities,"San Diego, California",,1032208,1998
NOW,ServiceNow,reports,Tecnología Informática,Software de Sistemas,"Santa Clara, California",2019-11-21,1373715,2003
SHW,Sherwin-Williams,reports,Materiales,Químicos Especiales,"Cleveland, Ohio",1964-06-30,89800,1866
SBNY,Signature Bank,reports,Finanzas,Regional Banks,"New York City, New York",2021-12-20,1288784,2001
SPG,Simon Property Group,reports,Bienes Raíces,Retail REITs,"Indianapolis, Indiana",2002-06-26,1063761,2003
SWKS,Skyworks Solutions,reports,Tecnología Informática,Semiconductores,"Irvine, California",2015-03-12,4127,2002
SJM,The J.M. Smucker Company,reports,Productos básicos,Alimentos y Carnes Empaquetados,"Orrville, Ohio",2008-11-06,91419,1897
SNA,Snap-on,reports,Industriales,Maquinaria Industrial,"Kenosha, Wisconsin",1982-09-30,91440,1920
SEDG,SolarEdge,reports,Tecnología Informática,Equipo de Semiconductores,"Herzliya, Israel",2021-12-20,1419612,2006
SO,Southern Company,reports,Utilidades,Electric Utilities,"Atlanta, Georgia",1957-03-04,92122,1945
LUV,Southwest Airlines,reports,Industriales,Aerolíneas,"Dallas, Texas",1994-07-01,92380,1967
SWK,Stanley Black & Decker,reports,Industriales,Maquinaria Industrial,"New Britain, Connecticut",1982-09-30,93556,1843
SBUX,Starbucks,reports,Consumo Discrecional,Restaurantes,"Seattle, Washington",2000-06-07,829224,1971
STT,State Street Corporation,reports,Finanzas,Asset Management & Custody Banks,"Boston, Massachusetts",,93751,1792
STLD,Steel Dynamics,reports,Materiales,Acero,"Fort Wayne, Indiana",2022-12-22,1022671,1993
STE,Steris,reports,Cuidado de Salud,Health Care Equipment,"Dublin, Ireland",2019-12-23,1757898,1985
SYK,Stryker Corporation,reports,Cuidado de Salud,Health Care Equipment,"Kalamazoo, Michigan",2000-12-12,310764,1941
SIVB,SVB Financial,reports,Finanzas,Regional Banks,"Santa Clara, California",2018-03-19,719739,1983
SYF,Synchrony Financial,reports,Finanzas,Consumer Finance,"Stamford, Connecticut",2015-11-18,1601712,2003
SNPS,Synopsys,reports,Tecnología Informática,Software de Aplicación,"Mountain View, California",2017-03-16,883241,1986
SYY,Sysco,reports,Productos básicos,Distribuidores de Alimentos,"Houston, Texas",1986-12-31,96021,1969
TMUS,T-Mobile US,reports,Servicios de Comunicación,Servicios de Telecomunicación Inalámbrico,"Bellevue, Washington",2019-07-15,1283699,1994
TROW,T. Rowe Price,reports,Finanzas,Asset Management & Custody Banks,"Baltimore, Maryland",,1113169,1937
TTWO,Take-Two Interactive,reports,Servicios de Comunicación,Entretenimiento Doméstico Interactivo,"New York City, New York",2018-03-19,946581,1993
TPR,"Tapestry, Inc.",reports,Consumo Discrecional,"Apparel, Accessories & Luxury Goods","New York City, New York",,1116132,2017
TRGP,Targa Resources,reports,Energía,Oil & Gas Storage & Transportation,"Houston, Texas",2022-10-12,1389170,2005
TGT,Target Corporation,reports,Consumo Discrecional,General Merchandise Stores,"Minneapolis, Minnesota",1976-12-31,27419,1902
TEL,TE Connectivity,reports,Tecnología Informática,Servicios de Fabricación Electrónica,"Schaffhausen, Switzerland",2011-10-17,1385157,2007
TDY,Teledyne Technologies,reports,Tecnología Informática,Equipo Electrónico y Instrumentos,"Thousand Oaks, California",2020-06-22,1094285,1960
TFX,Teleflex,reports,Cuidado de Salud,Health Care Equipment,"Wayne, Pennsylvania",2019-01-18,96943,1943
TER,Teradyne,reports,Tecnología Informática,Equipo de Semiconductores,"North Reading, Massachusetts",2020-09-21,97210,1960
TSLA,"Tesla, Inc.",reports,Consumo Discrecional,Automobile Manufacturers,"Austin, Texas",2020-12-21,1318605,2003
TXN,Texas Instruments,reports,Tecnología Informática,Semiconductores,"Dallas, Texas",,97476,1930
TXT,Textron,reports,Industriales,Aeroespacial y Defensa,"Providence, Rhode Island",1978-12-31,217346,1923
TMO,Thermo Fisher Scientific,reports,Cuidado de Salud,Life Sciences Tools & Services,"Waltham, Massachusetts",2004-08-03,97745,2006 (1902)
TJX,TJX Companies,reports,Consumo Discrecional,Apparel Retail,"Framingham, Massachusetts",1985-09-30,109198,1987
TSCO,Tractor Supply,reports,Consumo Discrecional,Specialty Stores,"Brentwood, Tennessee",2014-01-24,916365,1938
TT,Trane Technologies,reports,Industriales,Productos de Edificio,"Dublin, Ireland",2010-11-17,1466258,1871
TDG,TransDigm Group,reports,Industriales,Aeroespacial y Defensa,"Cleveland, Ohio",2016-06-03,1260221,1993
TRV,The Travelers Companies,reports,Finanzas,Property & Casualty Insurance,"New York City, New York",2002-08-21,86312,1853
TRMB,Trimble Inc.,reports,Tecnología Informática,Equipo Electrónico y Instrumentos,"Westminster, Colorado",2021-01-21,864749,1978
TFC,Truist,reports,Finanzas,Regional Banks,"Charlotte, North Carolina",1997-12-04,92230,1872
TYL,Tyler Technologies,reports,Tecnología Informática,Software de Aplicación,"Plano, Texas",2020-06-22,860731,1966
TSN,Tyson Foods,reports,Productos básicos,Alimentos y Carnes Empaquetados,"Springdale, Arkansas",2005-08-10,100493,1935
USB,U.S. Bank,reports,Finanzas,Diversified Banks,"Minneapolis, Minnesota",,36104,1968
UDR,"UDR, Inc.",reports,Bienes Raíces,Residential REITs,"Highlands Ranch, Colorado",2016-03-07,74208,1972
ULTA,Ulta Beauty,reports,Consumo Discrecional,Specialty Stores,"Bolingbrook, Illinois",2016-04-18,1403568,1990
UNP,Union Pacific Corporation,reports,Industriales,Ferrocarriles,"Omaha, Nebraska",1957-03-04,100885,1862
UAL,United Airlines Holdings,reports,Industriales,Aerolíneas,"Chicago, Illinois",2015-09-03,100517,1967
UPS,United Parcel Service,reports,Industriales,Flete Aéreo y Logística,"Sandy Springs, Georgia",2002-07-22,1090727,1907
URI,United Rentals,reports,Industriales,Trading Companies & Distributors,"Stamford, Connecticut",2014-09-20,1067701,1997
UNH,UnitedHealth Group,reports,Cuidado de Salud,Managed Health Care,"Minnetonka, Minnesota",1994-07-01,731766,1977
UHS,Universal Health Services,reports,Cuidado de Salud,Health Care Facilities,"King of Prussia, Pennsylvania",2014-09-20,352915,1979
VLO,Valero Energy,reports,Energía,Oil & Gas Refining & Marketing,"San Antonio, Texas",,1035002,1980
VTR,Ventas,reports,Bienes Raíces,Health Care REITs,"Chicago, Illinois",2009-03-04,740260,1998
VRSN,Verisign,reports,Tecnología Informática,Servicios y Infraestructura de Internet,"Dulles, Virginia",2006-02-01,1014473,1995
VRSK,Verisk,reports,Industriales,Servicios de Investigación y Consultoría,"Jersey City, New Jersey",2015-10-08,1442145,1971
VZ,Verizon,reports,Servicios de Comunicación,Servicios de Telecomunicación Integrado,"New York City, New York",1983-11-30,732712,1983 (1877)
VRTX,Vertex Pharmaceuticals,reports,Cuidado de Salud,Biotecnología,"Cambridge, Massachusetts",2013-09-23,875320,1989
VFC,VF Corporation,reports,Consumo Discrecional,"Apparel, Accessories & Luxury Goods","Denver, Colorado",1979-06-30,103379,1899
VTRS,Viatris,reports,Cuidado de Salud,Farmacéuticos,"Pittsburgh, Pennsylvania",2004-04-23,1792044,1961
VICI,Vici Properties,reports,Bienes Raíces,Hotel & Resort REITs,"New York City, New York",2022-06-08,1705696,2017
V,Visa Inc.,reports,Tecnología Informática,Procesamiento de Datos y Servicios Externalizados,"San Francisco, California",2009-12-21,1403161,1958
VMC,Vulcan Materials Company,reports,Materiales,Materiales de construcción,"Birmingham, Alabama",1999-06-30,1396009,1909
WAB,Wabtec,reports,Industriales,Maquinaria de Construcción y Camiones Pesados,"Pittsburgh, Pennsylvania",2019-02-27,943452,1999 (1869)
WBA,Walgreens Boots Alliance,reports,Productos básicos,Venta Fármaco,"Deerfield, Illinois",1979-12-31,1618921,2014
WMT,Walmart,reports,Productos básicos,Hipermercados y Súper Centros,"Bentonville, Arkansas",1982-08-31,104169,1962
WBD,Warner Bros. Discovery,reports,Servicios de Comunicación,Transmisión,"New York City, New York",2022-04-11,1437107,2022
WM,Waste Management,reports,Industriales,Servicios Ambientales y de Comodidades,"Houston, Texas",,823768,1968
WAT,Waters Corporation,reports,Cuidado de Salud,Health Care Distributors,"Milford, Massachusetts",,1000697,1958
WEC,WEC Energy Group,reports,Utilidades,Electric Utilities,"Milwaukee, Wisconsin",2008-10-31,783325,1896
WFC,Wells Fargo,reports,Finanzas,Diversified Banks,"San Francisco, California",1976-06-30,72971,1852
WELL,Welltower,reports,Bienes Raíces,Health Care REITs,"Toledo, Ohio",2009-01-30,766704,1970
WST,West Pharmaceutical Services,reports,Cuidado de Salud,Health Care Supplies,"Exton, Pennsylvania",2020-05-22,105770,1923
WDC,Western Digital,reports,Tecnología Informática,"Tecnología Hardware, Almacenamiento & Periféricos","San Jose, California",2009-07-01,106040,1970
WRK,WestRock,reports,Materiales,Empaquetado de Papel,"Atlanta, Georgia",,1732845,2015
WY,Weyerhaeuser,reports,Bienes Raíces,Specialized REITs,"Seattle, Washington",,106535,1900
WHR,Whirlpool Corporation,reports,Consumo Discrecional,Household Appliances,"Benton Harbor, Michigan",,106640,1911
WMB,Williams Companies,reports,Energía,Oil & Gas Storage & Transportation,"Tulsa, Oklahoma",1975-03-31,107263,1908
WTW,Willis Towers Watson,reports,Finanzas,Insurance Brokers,"London, United Kingdom",2016-01-05,1140536,2016
GWW,W. W. Grainger,reports,Industriales,Maquinaria Industrial,"Lake Forest, Illinois",1981-06-30,277135,1927
WYNN,Wynn Resorts,reports,Consumo Discrecional,Casinos & Gaming,"Paradise, Nevada",2008-11-14,1174922,2002
XEL,Xcel Energy,reports,Utilidades,Multi-Utilities,"Minneapolis, Minnesota",1957-03-04,72903,1909
XYL,Xylem Inc.,reports,Industriales,Maquinaria Industrial,"White Plains, New York",2011-11-01,1524472,2011
YUM,Yum! Brands,reports,Consumo Discrecional,Restaurantes,"Louisville, Kentucky",1997-10-06,1041061,1997
ZBRA,Zebra Technologies,reports,Tecnología Informática,Equipo Electrónico y Instrumentos,"Lincolnshire, Illinois",2019-12-23,877212,1969
ZBH,Zimmer Biomet,reports,Cuidado de Salud,Health Care Equipment,"Warsaw, Indiana",2001-08-07,1136869,1927
ZION,Zions Bancorporation,reports,Finanzas,Regional Banks,"Salt Lake City, Utah",2001-06-22,109380,1873
ZTS,Zoetis,reports,Cuidado de Salud,Farmacéuticos,"Parsippany, New Jersey",2013-06-21,1555280,1952